cell_id,time,state,p_state_0,p_state_1,entropy_nats
t0-c000,0.0,branch_B,0.37679637017762996,0.62320362982237,0.6624739903004155
t0-c001,0.0,branch_A,0.12242610006751055,0.8775738999324894,0.37173111764237166
t0-c002,0.0,branch_A,0.29702351452187337,0.7029764854781266,0.6083211981848295
t0-c003,0.0,branch_B,0.45608637741648855,0.5439136225835114,0.6892853943667032
t0-c004,0.0,branch_B,0.21512672252488657,0.7848732774751133,0.5206704483679362
t0-c005,0.0,branch_A,0.09563810831839333,0.9043618916816067,0.3153918201272643
t0-c006,0.0,branch_B,0.6588582026022349,0.3411417973977649,0.6417899222047643
t0-c007,0.0,branch_A,0.4558031708592379,0.5441968291407622,0.6892353576950448
t0-c008,0.0,branch_A,0.4153661937278673,0.5846338062721328,0.6787522128130403
t0-c009,0.0,branch_A,0.5804507157233555,0.4195492842766444,0.6801461041443756
t0-c010,0.0,branch_A,0.7985282610078578,0.20147173899214213,0.5024359306080551
t0-c011,0.0,branch_B,0.31007288519883486,0.6899271148011652,0.6191589688627963
t0-c012,0.0,branch_A,0.6817752127403769,0.31822478725962305,0.6255241039254918
t0-c013,0.0,branch_B,0.5536154399196405,0.4463845600803594,0.6873868808895817
t0-c014,0.0,branch_A,0.595190657198786,0.40480934280121394,0.6749135641456367
t0-c015,0.0,branch_B,0.3988935337409649,0.601106466259035,0.6725604822040048
t0-c016,0.0,branch_B,0.4234989806182471,0.5765010193817528,0.6813962680201155
t0-c017,0.0,branch_A,0.8099867378128398,0.19001326218716022,0.486242194396706
t0-c018,0.0,branch_B,0.330572307527909,0.669427692472091,0.6345831948727136
t0-c019,0.0,branch_A,0.5180839443542946,0.4819160556457053,0.6924929798011341
t0-c020,0.0,branch_B,0.2423650474326795,0.7576349525673206,0.5537907711493525
t0-c021,0.0,branch_B,0.6722569310059038,0.3277430689940962,0.632568778422429
t0-c022,0.0,branch_A,0.9240644568531957,0.07593554314680417,0.26872854948574154
t0-c023,0.0,branch_B,0.6368083982287637,0.36319160177123627,0.6552324506474065
t0-c024,0.0,branch_A,0.49249863776384417,0.5075013622361558,0.6930346354669532
t0-c025,0.0,branch_B,0.28259818187961777,0.7174018181203822,0.5953904895168396
t0-c026,0.0,branch_A,0.1442771491463561,0.8557228508536439,0.4126524169154132
t0-c027,0.0,branch_B,0.24842348964562222,0.7515765103543777,0.5605965339552599
t0-c028,0.0,branch_A,0.26081191164818485,0.7391880883518152,0.5739044392404475
t0-c029,0.0,branch_A,0.4481391509467372,0.5518608490532628,0.6877583985966031
t0-c030,0.0,branch_B,0.5104816658997825,0.4895183341002174,0.6929274338231949
t0-c031,0.0,branch_A,0.8242229979479179,0.17577700205208205,0.46492916877575396
t0-c032,0.0,branch_A,0.6333151837244095,0.36668481627559063,0.6571676803426235
t0-c033,0.0,branch_A,0.7508850599742796,0.24911494002572043,0.5613607163250016
t0-c034,0.0,branch_B,0.36844315020751706,0.631556849792483,0.6581218970099585
t0-c035,0.0,branch_A,0.47400208421705425,0.5259979157829457,0.6917947875441869
t0-c036,0.0,branch_B,0.14689179064705643,0.8531082093529435,0.41727948059208586
t0-c037,0.0,branch_A,0.9327431367746881,0.06725686322531214,0.24648479788851277
t0-c038,0.0,branch_B,0.3733847449637536,0.6266152550362464,0.6607325553159948
t0-c039,0.0,branch_A,0.3649860472118993,0.6350139527881007,0.6562331441631888
t0-c040,0.0,branch_A,0.3791707655545352,0.6208292344454647,0.6636567165850276
t0-c041,0.0,branch_B,0.8908768461194694,0.10912315388053076,0.34467814276200154
t0-c042,0.0,branch_A,0.6946664141446353,0.3053335858553648,0.6153159333538292
t0-c043,0.0,branch_A,0.5542491880111542,0.44575081198884586,0.6872496289062924
t0-c044,0.0,branch_A,0.70583074780706,0.29416925219293993,0.6058426716405206
t0-c045,0.0,branch_A,0.47396679849725537,0.5260332015027445,0.6917911123143641
t0-c046,0.0,branch_B,0.38491953997960965,0.6150804600203902,0.6664212011306183
t0-c047,0.0,branch_A,0.780352470684579,0.2196475293154211,0.5264614890076125
t0-c048,0.0,branch_A,0.3281620404720523,0.6718379595279478,0.6328693737179405
t0-c049,0.0,branch_A,0.6230251851093833,0.3769748148906166,0.6625637102453747
t0-c050,0.0,branch_B,0.09618955609823764,0.9038104439017622,0.3166289798921842
t0-c051,0.0,branch_B,0.4452532427971328,0.554746757202867,0.6871407302307133
t0-c052,0.0,branch_B,0.11470837857609548,0.8852916214239046,0.3562475014138824
t0-c053,0.0,branch_B,0.20294088375188585,0.7970591162481142,0.5044524251800644
t0-c054,0.0,branch_B,0.23294506269946125,0.7670549373005388,0.542810479252122
t0-c055,0.0,branch_B,0.3021679093863558,0.697832090613644,0.6126899922947264
t0-c056,0.0,branch_A,0.8324668003599182,0.1675331996400818,0.4519531404578881
t0-c057,0.0,branch_A,0.8942227759043446,0.10577722409565526,0.33759449234477795
t0-c058,0.0,branch_B,0.5303063085557943,0.46969369144420575,0.6913091094386055
t0-c059,0.0,branch_A,0.3025002324959024,0.6974997675040976,0.6129678834764514
t0-c060,0.0,branch_B,0.597069017795886,0.40293098220411405,0.6741821952710804
t0-c061,0.0,branch_A,0.6078909975442682,0.3921090024557317,0.6696821272230975
t0-c062,0.0,branch_B,0.37010735259695593,0.629892647403044,0.6590127908208996
t0-c063,0.0,branch_B,0.8956052635889652,0.10439473641103483,0.33463326471442467
t0-c064,0.0,branch_A,0.19945939671005963,0.8005406032899403,0.49965207434043724
t0-c065,0.0,branch_A,0.5530703360518827,0.4469296639481174,0.6875036348710388
t0-c066,0.0,branch_B,0.7984646582912298,0.2015353417087702,0.5025235066887502
t0-c067,0.0,branch_A,0.6072468552728176,0.39275314472718237,0.6699636848890751
t0-c068,0.0,branch_B,0.6585610258329959,0.34143897416700414,0.6419853305303238
t0-c069,0.0,branch_B,0.8528112910765158,0.14718870892348432,0.4178014647533535
t0-c070,0.0,branch_A,0.2567214061339037,0.7432785938660963,0.5695995998502051
t0-c071,0.0,branch_B,0.42332350654991324,0.5766764934500869,0.6813420841941751
t0-c072,0.0,branch_B,0.6073412026215967,0.39265879737840326,0.669922553982593
t0-c073,0.0,branch_B,0.4306295521095147,0.5693704478904853,0.6834915451395606
t0-c074,0.0,branch_B,0.6895670973104556,0.31043290268954443,0.6194466002685127
t0-c075,0.0,branch_A,0.5273523649663056,0.4726476350336945,0.6916501296183548
t0-c076,0.0,branch_B,0.472311522501756,0.5276884774982439,0.6916130923514527
t0-c077,0.0,branch_B,0.7104495729300889,0.28955042706991097,0.6017486512022738
t0-c078,0.0,branch_A,0.4919365539907303,0.5080634460092696,0.693017136599615
t0-c079,0.0,branch_B,0.6557668482377692,0.34423315176223096,0.6438034547903919
t1-c000,1.0,branch_A,0.9999485564627816,5.144353721836361e-05,0.0005594484669526375
t1-c001,1.0,branch_A,0.9974030594631313,0.002596940536868451,0.018054246524078783
t1-c002,1.0,branch_A,0.9999186613488342,8.133865116595667e-05,0.0008472924120722782
t1-c003,1.0,branch_A,0.9996551060989656,0.000344893901034475,0.003094423002204612
t1-c004,1.0,branch_A,0.999957612544116,4.2387455884132784e-05,0.00046917135818003457
t1-c005,1.0,branch_A,0.9913741199105383,0.008625880089461696,0.04958727673918107
t1-c006,1.0,branch_B,0.0002704542211471395,0.9997295457788528,0.0024923093392358966
t1-c007,1.0,branch_A,0.9988413411096781,0.001158658890321954,0.008991091627571758
t1-c008,1.0,branch_B,0.0012291533867926528,0.9987708466132073,0.00946548261873374
t1-c009,1.0,branch_A,0.9992660977103418,0.000733902289658181,0.006030304568161421
t1-c010,1.0,branch_B,0.0015807620406653382,0.9984192379593345,0.011775187249653925
t1-c011,1.0,branch_B,6.36893365947318e-05,0.9999363106634053,0.0006790214141701436
t1-c012,1.0,branch_A,0.9940003025055404,0.005999697494459659,0.03667639294588553
t1-c013,1.0,branch_A,0.9998859935874719,0.0001140064125280675,0.0011490933026763678
t1-c014,1.0,branch_B,0.006435607173444683,0.9935643928265555,0.038888342806437035
t1-c015,1.0,branch_A,0.9986281806337678,0.0013718193662322258,0.010413386417010577
t1-c016,1.0,branch_B,0.009485825212257125,0.9905141747877428,0.053625254726152496
t1-c017,1.0,branch_B,0.00011459819638365272,0.9998854018036163,0.0011544646588059354
t1-c018,1.0,branch_B,0.0003647985951420389,0.999635201404858,0.003252537973968925
t1-c019,1.0,branch_A,0.9992473675193355,0.0007526324806644082,0.006165231949793636
t1-c020,1.0,branch_A,0.9987734582507082,0.0012265417492917183,0.00944798134591395
t1-c021,1.0,branch_B,0.0002238298051864174,0.9997761701948136,0.002105010238782217
t1-c022,1.0,branch_A,0.9985905595325841,0.0014094404674159285,0.010660806756421476
t1-c023,1.0,branch_B,0.00045007940883875694,0.9995499205911612,0.003918328976291922
t1-c024,1.0,branch_B,6.941137430399721e-05,0.999930588625696,0.0007340547902149833
t1-c025,1.0,branch_B,0.008271700448214767,0.9917282995517853,0.04789949721460827
t1-c026,1.0,branch_A,0.9849622691697844,0.015037730830215597,0.0780403493834733
t1-c027,1.0,branch_A,0.9996204120015779,0.00037958799842208716,0.00336931200770083
t1-c028,1.0,branch_A,0.9995675920215208,0.0004324079784791108,0.003781807656469099
t1-c029,1.0,branch_B,2.365172437089394e-05,0.9999763482756291,0.0002755913755134973
t1-c030,1.0,branch_B,0.02348037956086979,0.9765196204391302,0.11129129213778863
t1-c031,1.0,branch_A,0.9997261248660121,0.00027387513398774703,0.002520391057269575
t1-c032,1.0,branch_B,3.755914600819611e-05,0.9999624408539918,0.0004202708759668545
t1-c033,1.0,branch_B,0.0019722353261935723,0.9980277646738064,0.01425452987691436
t1-c034,1.0,branch_A,0.995990956705015,0.004009043294984905,0.026127718681497977
t1-c035,1.0,branch_A,0.9999670292949021,3.297070509786695e-05,0.0003732242481551385
t1-c036,1.0,branch_A,0.9950451534568503,0.004954846543149665,0.03123984941165427
t1-c037,1.0,branch_B,0.0051814646289677505,0.9948185353710324,0.032436343182888724
t1-c038,1.0,branch_B,0.0006862363902403204,0.9993137636097595,0.005684744651477676
t1-c039,1.0,branch_B,0.004615449706490847,0.9953845502935093,0.02942826742830185
t1-c040,1.0,branch_A,0.9985788170583145,0.0014211829416856325,0.010737825551688762
t1-c041,1.0,branch_A,0.9968318676064845,0.0031681323935155094,0.021394484458915442
t1-c042,1.0,branch_B,0.00937467035237887,0.9906253296476211,0.053107899581134564
t1-c043,1.0,branch_B,0.00011806634818049818,0.9998819336518194,0.0011858825791415217
t1-c044,1.0,branch_A,0.9989440763152873,0.0010559236847128733,0.008291969355402346
t1-c045,1.0,branch_B,0.009245466849157969,0.9907545331508419,0.052504866369561386
t1-c046,1.0,branch_A,0.9998995252526268,0.00010047474737316843,0.0010254004491925097
t1-c047,1.0,branch_A,0.9998839162481973,0.0001160837518025955,0.001167934946514843
t1-c048,1.0,branch_B,0.0072340229217072805,0.9927659770782927,0.0428640035073445
t1-c049,1.0,branch_A,0.9999258299874989,7.417001250102119e-05,0.0007794610832111321
t1-c050,1.0,branch_B,0.00016254897937292829,0.999837451020627,0.001580699408027184
t1-c051,1.0,branch_A,0.9995840940314881,0.0004159059685117694,0.0036536687936279165
t1-c052,1.0,branch_B,0.00028590999547434937,0.9997140900045256,0.002618847077746654
t1-c053,1.0,branch_A,0.980126868568373,0.019873131431626716,0.09754495215404536
t1-c054,1.0,branch_B,0.00041042683541336216,0.9995895731645864,0.003610979474798238
t1-c055,1.0,branch_B,0.0019452054205710409,0.9980547945794289,0.014086038657932001
t1-c056,1.0,branch_A,0.999971194018696,2.8805981303966057e-05,0.00032997001274379746
t1-c057,1.0,branch_B,0.015886798665010003,0.98411320133499,0.08156728830639978
t1-c058,1.0,branch_B,0.009910770639601498,0.9900892293603984,0.05559111144533082
t1-c059,1.0,branch_B,0.002052769935037076,0.9979472300649631,0.014754362163859823
t1-c060,1.0,branch_B,0.0007996569736049634,0.9992003430263952,0.0065019530932699555
t1-c061,1.0,branch_B,0.0017921652251492973,0.9982078347748508,0.013124804010048632
t1-c062,1.0,branch_A,0.9998725904565923,0.00012740954340760812,0.0012700234506968714
t1-c063,1.0,branch_B,0.0023080881709327573,0.9976919118290672,0.01631860066106202
t1-c064,1.0,branch_A,0.994231750294859,0.005768249705140928,0.0354891384415568
t1-c065,1.0,branch_A,0.9999741136801725,2.5886319827439078e-05,0.0002992920119315697
t1-c066,1.0,branch_B,8.765863817302313e-05,0.9999123413618269,0.0009065670882983222
t1-c067,1.0,branch_A,0.9420612867266424,0.0579387132733577,0.22125774076815277
t1-c068,1.0,branch_A,0.9999443840935685,5.561590643162363e-05,0.0006004856926822802
t1-c069,1.0,branch_B,8.836070922431965e-05,0.9999116392907756,0.0009131230126520782
t1-c070,1.0,branch_B,1.3469540307141287e-05,0.9999865304596928,0.00016453141759601407
t1-c071,1.0,branch_A,0.9949043149158032,0.005095685084196673,0.03198464188563097
t1-c072,1.0,branch_A,0.9995356401810152,0.0004643598189848734,0.004028144331428413
t1-c073,1.0,branch_B,0.022103819057271566,0.9778961809427283,0.106117575633728
t1-c074,1.0,branch_A,0.9994376318608642,0.0005623681391358209,0.0047706097712725895
t1-c075,1.0,branch_B,0.00017898659608949022,0.9998210134039105,0.0017233026604596584
t1-c076,1.0,branch_A,0.9966007387969728,0.0033992612030273395,0.02271554804773673
t1-c077,1.0,branch_B,8.821200490288356e-05,0.9999117879950972,0.0009117348820803935
t1-c078,1.0,branch_B,0.002863561379118632,0.9971364386208814,0.019627582884598527
t1-c079,1.0,branch_A,0.9978135301796757,0.002186469820324455,0.015577226460051457
t2-c000,2.0,branch_A,1.0,0.0,0.0
t2-c001,2.0,branch_A,1.0,0.0,0.0
t2-c002,2.0,branch_A,1.0,0.0,0.0
t2-c003,2.0,branch_A,1.0,0.0,0.0
t2-c004,2.0,branch_B,0.0,1.0,0.0
t2-c005,2.0,branch_A,1.0,0.0,0.0
t2-c006,2.0,branch_A,1.0,0.0,0.0
t2-c007,2.0,branch_A,1.0,0.0,0.0
t2-c008,2.0,branch_A,1.0,0.0,0.0
t2-c009,2.0,branch_B,0.0,1.0,0.0
t2-c010,2.0,branch_B,0.0,1.0,0.0
t2-c011,2.0,branch_B,0.0,1.0,0.0
t2-c012,2.0,branch_B,0.0,1.0,0.0
t2-c013,2.0,branch_B,0.0,1.0,0.0
t2-c014,2.0,branch_A,1.0,0.0,0.0
t2-c015,2.0,branch_A,1.0,0.0,0.0
t2-c016,2.0,branch_B,0.0,1.0,0.0
t2-c017,2.0,branch_B,0.0,1.0,0.0
t2-c018,2.0,branch_A,1.0,0.0,0.0
t2-c019,2.0,branch_A,1.0,0.0,0.0
t2-c020,2.0,branch_A,1.0,0.0,0.0
t2-c021,2.0,branch_A,1.0,0.0,0.0
t2-c022,2.0,branch_A,1.0,0.0,0.0
t2-c023,2.0,branch_B,0.0,1.0,0.0
t2-c024,2.0,branch_A,1.0,0.0,0.0
t2-c025,2.0,branch_A,1.0,0.0,0.0
t2-c026,2.0,branch_B,0.0,1.0,0.0
t2-c027,2.0,branch_A,1.0,0.0,0.0
t2-c028,2.0,branch_B,0.0,1.0,0.0
t2-c029,2.0,branch_A,1.0,0.0,0.0
t2-c030,2.0,branch_A,1.0,0.0,0.0
t2-c031,2.0,branch_A,1.0,0.0,0.0
t2-c032,2.0,branch_B,0.0,1.0,0.0
t2-c033,2.0,branch_A,1.0,0.0,0.0
t2-c034,2.0,branch_B,0.0,1.0,0.0
t2-c035,2.0,branch_B,0.0,1.0,0.0
t2-c036,2.0,branch_A,1.0,0.0,0.0
t2-c037,2.0,branch_A,1.0,0.0,0.0
t2-c038,2.0,branch_B,0.0,1.0,0.0
t2-c039,2.0,branch_A,1.0,0.0,0.0
t2-c040,2.0,branch_B,0.0,1.0,0.0
t2-c041,2.0,branch_A,1.0,0.0,0.0
t2-c042,2.0,branch_B,0.0,1.0,0.0
t2-c043,2.0,branch_B,0.0,1.0,0.0
t2-c044,2.0,branch_B,0.0,1.0,0.0
t2-c045,2.0,branch_B,0.0,1.0,0.0
t2-c046,2.0,branch_A,1.0,0.0,0.0
t2-c047,2.0,branch_A,1.0,0.0,0.0
t2-c048,2.0,branch_A,1.0,0.0,0.0
t2-c049,2.0,branch_A,1.0,0.0,0.0
t2-c050,2.0,branch_B,0.0,1.0,0.0
t2-c051,2.0,branch_A,1.0,0.0,0.0
t2-c052,2.0,branch_A,1.0,0.0,0.0
t2-c053,2.0,branch_B,0.0,1.0,0.0
t2-c054,2.0,branch_B,0.0,1.0,0.0
t2-c055,2.0,branch_A,1.0,0.0,0.0
t2-c056,2.0,branch_B,0.0,1.0,0.0
t2-c057,2.0,branch_A,1.0,0.0,0.0
t2-c058,2.0,branch_B,0.0,1.0,0.0
t2-c059,2.0,branch_B,0.0,1.0,0.0
t2-c060,2.0,branch_B,0.0,1.0,0.0
t2-c061,2.0,branch_B,0.0,1.0,0.0
t2-c062,2.0,branch_B,0.0,1.0,0.0
t2-c063,2.0,branch_A,1.0,0.0,0.0
t2-c064,2.0,branch_B,0.0,1.0,0.0
t2-c065,2.0,branch_B,0.0,1.0,0.0
t2-c066,2.0,branch_A,1.0,0.0,0.0
t2-c067,2.0,branch_A,1.0,0.0,0.0
t2-c068,2.0,branch_A,1.0,0.0,0.0
t2-c069,2.0,branch_B,0.0,1.0,0.0
t2-c070,2.0,branch_B,0.0,1.0,0.0
t2-c071,2.0,branch_B,0.0,1.0,0.0
t2-c072,2.0,branch_B,0.0,1.0,0.0
t2-c073,2.0,branch_B,0.0,1.0,0.0
t2-c074,2.0,branch_B,0.0,1.0,0.0
t2-c075,2.0,branch_B,0.0,1.0,0.0
t2-c076,2.0,branch_B,0.0,1.0,0.0
t2-c077,2.0,branch_A,1.0,0.0,0.0
t2-c078,2.0,branch_B,0.0,1.0,0.0
t2-c079,2.0,branch_A,1.0,0.0,0.0
