cell_id,time,state,batch_id,f_progress,f_branch
t0-c000,0,branch_B,synthetic,-0.039672858275372154,0.09869088883806063
t0-c001,0,branch_A,synthetic,-0.02068580363791392,0.4750418636406366
t0-c002,0,branch_A,synthetic,0.10562887896654713,0.19000578684747457
t0-c003,0,branch_B,synthetic,-0.17628079045173206,0.015608692277965951
t0-c004,0,branch_B,synthetic,0.05469489526212276,0.30118847275265087
t0-c005,0,branch_A,synthetic,-0.049432563576608066,0.5466034089984969
t0-c006,0,branch_B,synthetic,-0.10563447760106348,-0.19845840654456573
t0-c007,0,branch_A,synthetic,0.07480399904912177,0.014716384147593495
t0-c008,0,branch_A,synthetic,0.1601914066916204,0.056555757753739666
t0-c009,0,branch_A,synthetic,-0.05065552721537814,-0.11326905156984246
t0-c010,0,branch_A,synthetic,-0.08729168940953563,-0.3833040499159824
t0-c011,0,branch_B,synthetic,0.05043291926145855,0.1743497437238417
t0-c012,0,branch_A,synthetic,0.10356470555528936,-0.22638173737797931
t0-c013,0,branch_B,synthetic,0.13512859619549386,-0.08621631234259988
t0-c014,0,branch_A,synthetic,0.12595266230756694,-0.12983575415477902
t0-c015,0,branch_B,synthetic,-0.05883866338738201,0.07493561146760006
t0-c016,0,branch_B,synthetic,0.08251624678955778,0.0483028730146034
t0-c017,0,branch_A,synthetic,-0.046842305929866934,-0.4023659142230007
t0-c018,0,branch_B,synthetic,-0.11212161719339424,0.15080485496245968
t0-c019,0,branch_A,synthetic,0.07917704266286439,-0.049288377787587205
t0-c020,0,branch_B,synthetic,-0.08594918865827478,0.26191264578651197
t0-c021,0,branch_B,synthetic,-0.10243151557716586,-0.21392042851778165
t0-c022,0,branch_A,synthetic,0.04968142828320788,-0.6750423520723775
t0-c023,0,branch_B,synthetic,0.030909567805304468,-0.17449225092285095
t0-c024,0,branch_A,synthetic,0.008742375798225111,-0.022710457866246935
t0-c025,0,branch_B,synthetic,0.01616915160351679,0.20825158101210245
t0-c026,0,branch_A,synthetic,-0.06066958007187274,0.4262946066935749
t0-c027,0,branch_B,synthetic,0.0580875031158212,0.2531197986909804
t0-c028,0,branch_A,synthetic,0.09318911848888226,0.23627646651176082
t0-c029,0,branch_A,synthetic,0.06752629444628737,0.022678083222865537
t0-c030,0,branch_B,synthetic,-0.11414190807917858,-0.04051353001110417
t0-c031,0,branch_A,synthetic,-0.061561171214136456,-0.42682253055462405
t0-c032,0,branch_A,synthetic,0.020676223273039005,-0.17056483624429278
t0-c033,0,branch_A,synthetic,-0.0823843550409171,-0.3129003240214696
t0-c034,0,branch_B,synthetic,0.021473366376713172,0.10760158475110333
t0-c035,0,branch_A,synthetic,0.10579659758134666,-0.0041744005572281195
t0-c036,0,branch_B,synthetic,0.08334718073702577,0.4206794480317567
t0-c037,0,branch_A,synthetic,0.09201325089197537,-0.7095911718830923
t0-c038,0,branch_B,synthetic,0.09829469753627368,0.10188600247459279
t0-c039,0,branch_A,synthetic,0.03390170822826778,0.11136822532087765
t0-c040,0,branch_A,synthetic,0.030620572821660873,0.09582426607571427
t0-c041,0,branch_B,synthetic,-0.028713064683089637,-0.5704905895127983
t0-c042,0,branch_A,synthetic,-0.00871317823259386,-0.24111955455620296
t0-c043,0,branch_A,synthetic,0.08641307300303082,-0.08662995179861326
t0-c044,0,branch_A,synthetic,0.006678028488560789,-0.2548817866830429
t0-c045,0,branch_A,synthetic,-0.04084979743185014,-0.0034599185059760325
t0-c046,0,branch_B,synthetic,-0.11883001474108362,0.09020553428838174
t0-c047,0,branch_A,synthetic,-0.008485780275820073,-0.3557159415015701
t0-c048,0,branch_A,synthetic,-0.1918586292318217,0.1539156401640915
t0-c049,0,branch_A,synthetic,-0.02380672311546643,-0.1590025239654475
t0-c050,0,branch_B,synthetic,-0.018892370388235363,0.5449427822643431
t0-c051,0,branch_B,synthetic,-0.003984077524771455,0.025985778896562638
t0-c052,0,branch_B,synthetic,-0.11896582957403184,0.49420171990682993
t0-c053,0,branch_B,synthetic,0.07339903867554354,0.3200804601015537
t0-c054,0,branch_B,synthetic,0.0038138184969343683,0.2749964366473787
t0-c055,0,branch_B,synthetic,0.02967574680755282,0.18395672335770186
t0-c056,0,branch_A,synthetic,-0.012175436672663225,-0.4421663844125877
t0-c057,0,branch_A,synthetic,0.08230834782425465,-0.5804878909829121
t0-c058,0,branch_B,synthetic,-0.019194933700642885,-0.061356746519898246
t0-c059,0,branch_A,synthetic,-0.08342881127876037,0.18393694090097393
t0-c060,0,branch_B,synthetic,-0.01602637611276547,-0.13106049767918448
t0-c061,0,branch_A,synthetic,0.0415873384782113,-0.14297371216752414
t0-c062,0,branch_B,synthetic,0.11111839798706469,0.10543652285619416
t0-c063,0,branch_B,synthetic,-0.037946638946755144,-0.5832794927956633
t0-c064,0,branch_A,synthetic,-0.1046202557520918,0.326049235430509
t0-c065,0,branch_A,synthetic,-0.004048325048907392,-0.08493751970386042
t0-c066,0,branch_B,synthetic,0.13146012913941577,-0.3847947732221695
t0-c067,0,branch_A,synthetic,-0.04685262398730875,-0.1417763030275452
t0-c068,0,branch_B,synthetic,0.04690698252250403,-0.19906055949121407
t0-c069,0,branch_B,synthetic,-0.04907342788912225,-0.48154481906553404
t0-c070,0,branch_A,synthetic,0.05834795232142853,0.24184180755450657
t0-c071,0,branch_B,synthetic,-0.03811013979209296,0.04900198366238959
t0-c072,0,branch_B,synthetic,-0.10341168982074733,-0.1415439464222706
t0-c073,0,branch_B,synthetic,0.1102360762178017,0.04071922022014031
t0-c074,0,branch_B,synthetic,0.18482907894367107,-0.2361578226471473
t0-c075,0,branch_A,synthetic,0.0464227533379446,-0.058651748349930706
t0-c076,0,branch_B,synthetic,0.04526542774624745,-0.0021634078976269498
t0-c077,0,branch_B,synthetic,-0.04489584883273273,-0.26028502929651076
t0-c078,0,branch_A,synthetic,0.24528293912391175,-0.02320351791726481
t0-c079,0,branch_B,synthetic,-0.16133285521865962,-0.1945801823710004
t1-c000,1,branch_A,synthetic,1.0585841371769038,-1.351159242522305
t1-c001,1,branch_A,synthetic,0.8852574832260702,-0.8080443774482865
t1-c002,1,branch_A,synthetic,1.0603495123711641,-1.2876801123382666
t1-c003,1,branch_A,synthetic,1.0449918141834367,-1.0874897291244257
t1-c004,1,branch_A,synthetic,1.0241033741242849,-1.3782880840196603
t1-c005,1,branch_A,synthetic,1.0666315559488668,-0.6390223137650506
t1-c006,1,branch_B,synthetic,1.0509658588500947,1.167501988508543
t1-c007,1,branch_A,synthetic,0.6982179875101813,-0.921811075279918
t1-c008,1,branch_B,synthetic,0.9979643746645965,0.9558863479461001
t1-c009,1,branch_A,synthetic,0.9495537608023183,-0.9833905075259338
t1-c010,1,branch_B,synthetic,1.0329693924102668,0.9208635518378125
t1-c011,1,branch_B,synthetic,0.9629340688232103,1.3689261432817814
t1-c012,1,branch_A,synthetic,0.91157063141847,-0.690953440652837
t1-c013,1,branch_A,synthetic,1.014144997098442,-1.2412916935847282
t1-c014,1,branch_B,synthetic,0.9768014483144549,0.7240019191563409
t1-c015,1,branch_A,synthetic,1.0540051614727552,-0.8956294714088585
t1-c016,1,branch_B,synthetic,0.9554563059877454,0.6693345102837331
t1-c017,1,branch_B,synthetic,1.0241372874800856,1.2872156820525795
t1-c018,1,branch_B,synthetic,0.9908930920494495,1.125505750266767
t1-c019,1,branch_A,synthetic,0.9699178279560206,-0.9797292381971718
t1-c020,1,branch_A,synthetic,0.976697367088505,-0.9117873571075059
t1-c021,1,branch_B,synthetic,0.8792181989571418,1.1932571569569068
t1-c022,1,branch_A,synthetic,0.9816054014717348,-0.8924175797051844
t1-c023,1,branch_B,synthetic,0.9727751898027033,1.096108356812231
t1-c024,1,branch_B,synthetic,0.9141949756696863,1.3567463237465387
t1-c025,1,branch_B,synthetic,0.8637164329890161,0.6882283555662441
t1-c026,1,branch_A,synthetic,1.0188532855631707,-0.5611473144446268
t1-c027,1,branch_A,synthetic,1.0222501041446426,-1.0743725365837258
t1-c028,1,branch_A,synthetic,0.8859927885405389,-1.0573829993290396
t1-c029,1,branch_B,synthetic,0.9984098391166325,1.5071705936018192
t1-c030,1,branch_B,synthetic,1.0497700177284626,0.5412721375214661
t1-c031,1,branch_A,synthetic,1.1621423276194554,-1.1185029626496379
t1-c032,1,branch_B,synthetic,0.9296432228236546,1.442446795626073
t1-c033,1,branch_B,synthetic,0.9960195391762425,0.8897792201865704
t1-c034,1,branch_A,synthetic,1.0175028791148184,-0.7465333658872852
t1-c035,1,branch_A,synthetic,1.079466896355972,-1.4125607200158221
t1-c036,1,branch_A,synthetic,1.1598785176217383,-0.7159415236013124
t1-c037,1,branch_B,synthetic,0.9696639150389479,0.7544020445435753
t1-c038,1,branch_B,synthetic,0.9224790055393435,1.0370135312728548
t1-c039,1,branch_B,synthetic,0.9481586964648299,0.7705378104140439
t1-c040,1,branch_A,synthetic,1.0649003523953309,-0.890629796852103
t1-c041,1,branch_A,synthetic,0.9684342993261031,-0.7797257211443881
t1-c042,1,branch_B,synthetic,1.1093902901044537,0.6716511062111062
t1-c043,1,branch_B,synthetic,0.9517366492686202,1.282786552065963
t1-c044,1,branch_A,synthetic,1.0575152452652044,-0.9319903430686023
t1-c045,1,branch_B,synthetic,1.0929936950046766,0.6735364812642708
t1-c046,1,branch_A,synthetic,0.8816689732983116,-1.2599522071830696
t1-c047,1,branch_A,synthetic,1.0098035276428832,-1.2388260325285312
t1-c048,1,branch_B,synthetic,0.9610225474860247,0.7074999642699096
t1-c049,1,branch_A,synthetic,0.9503656684324078,-1.3014361656978983
t1-c050,1,branch_B,synthetic,1.029397296459649,1.2384673203949657
t1-c051,1,branch_A,synthetic,0.9615643248385431,-1.0621797386412035
t1-c052,1,branch_B,synthetic,0.9535173941990468,1.1593753646908567
t1-c053,1,branch_A,synthetic,1.0071244830991375,-0.5217529298985357
t1-c054,1,branch_B,synthetic,0.9123622370689973,1.1087507497573144
t1-c055,1,branch_B,synthetic,1.0355193119717336,0.8918679487027306
t1-c056,1,branch_A,synthetic,1.0466827301906194,-1.4315567946971315
t1-c057,1,branch_B,synthetic,1.1695042424583457,0.5973866640140675
t1-c058,1,branch_B,synthetic,1.0735845808451991,0.6636631963182331
t1-c059,1,branch_B,synthetic,1.0920706424985402,0.8845677920172993
t1-c060,1,branch_B,synthetic,1.012673832572977,1.0160031267120204
t1-c061,1,branch_B,synthetic,1.0880587276019835,0.9035357649571221
t1-c062,1,branch_A,synthetic,0.7626253032012845,-1.22801763701933
t1-c063,1,branch_B,synthetic,1.0146969858471158,0.8678595385389214
t1-c064,1,branch_A,synthetic,1.061585668105664,-0.6954019012076594
t1-c065,1,branch_A,synthetic,0.9881782552080153,-1.4468936183147536
t1-c066,1,branch_B,synthetic,1.1107332088004718,1.3249160500320454
t1-c067,1,branch_A,synthetic,0.9760647092586381,-0.36751347658217437
t1-c068,1,branch_A,synthetic,0.9720899631925869,-1.3411359161255125
t1-c069,1,branch_B,synthetic,0.9875301252999196,1.3233501146517312
t1-c070,1,branch_B,synthetic,0.9250037245965987,1.5853675233230344
t1-c071,1,branch_A,synthetic,0.9282779028342355,-0.7136733170856279
t1-c072,1,branch_A,synthetic,1.0435569899362542,-1.0462171178748472
t1-c073,1,branch_B,synthetic,1.0864426382974206,0.5500603633395416
t1-c074,1,branch_A,synthetic,1.1086057429546552,-1.0191052086910724
t1-c075,1,branch_B,synthetic,0.9566051800109189,1.2247522144120244
t1-c076,1,branch_A,synthetic,1.0847919210879395,-0.769061370812915
t1-c077,1,branch_B,synthetic,1.159960305683599,1.3242178228150294
t1-c078,1,branch_B,synthetic,1.1026805305936325,0.8380408188470456
t1-c079,1,branch_A,synthetic,1.0085219021649623,-0.8311052253023432
t2-c000,2,branch_A,synthetic,2.098584272200341,-1.9104994264804118
t2-c001,2,branch_A,synthetic,1.999211284920802,-1.867639821585353
t2-c002,2,branch_A,synthetic,2.05768391600047,-2.212539570979398
t2-c003,2,branch_A,synthetic,1.9767679935941636,-1.957125905099954
t2-c004,2,branch_B,synthetic,1.956483382257014,1.9599645324388237
t2-c005,2,branch_A,synthetic,2.1038297408945597,-2.2903459594076168
t2-c006,2,branch_A,synthetic,2.1541330167308113,-1.4361966867854044
t2-c007,2,branch_A,synthetic,1.8629248449628553,-2.0423067995339066
t2-c008,2,branch_A,synthetic,2.0274153255716545,-2.2282613262519284
t2-c009,2,branch_B,synthetic,1.9407135597052216,1.928775290979636
t2-c010,2,branch_B,synthetic,2.059134246968924,1.8465998483158717
t2-c011,2,branch_B,synthetic,2.1461355049296094,2.0869922007015598
t2-c012,2,branch_B,synthetic,1.9917939772733342,2.4347779055394376
t2-c013,2,branch_B,synthetic,2.050102495604828,2.110786032706272
t2-c014,2,branch_A,synthetic,1.973508769378438,-1.4558043158321752
t2-c015,2,branch_A,synthetic,2.064945727179199,-2.0610234007834136
t2-c016,2,branch_B,synthetic,1.8738240679453837,2.1118854625285763
t2-c017,2,branch_B,synthetic,1.9085007926318729,1.4852162144725038
t2-c018,2,branch_A,synthetic,1.9776678795625788,-1.9155586692228133
t2-c019,2,branch_A,synthetic,2.102598498694653,-1.9152644524144253
t2-c020,2,branch_A,synthetic,2.06448156217366,-2.3677648115669463
t2-c021,2,branch_A,synthetic,1.9981974258025954,-1.9627366042086485
t2-c022,2,branch_A,synthetic,2.0689796947695926,-1.9651817979706947
t2-c023,2,branch_B,synthetic,2.06432631664959,1.8487402256668597
t2-c024,2,branch_A,synthetic,2.0286363924970527,-1.875540079623673
t2-c025,2,branch_A,synthetic,1.9000179420330678,-1.9473384114297072
t2-c026,2,branch_B,synthetic,1.9743709978438875,1.4287736154151895
t2-c027,2,branch_A,synthetic,2.076672534411312,-2.10855760409129
t2-c028,2,branch_B,synthetic,1.9318087953499312,1.8868049768918556
t2-c029,2,branch_A,synthetic,2.011056024251866,-1.547627154695858
t2-c030,2,branch_A,synthetic,1.9867253437595038,-1.8582777509124468
t2-c031,2,branch_A,synthetic,2.109886350151821,-1.8399348406178622
t2-c032,2,branch_B,synthetic,2.0854851325935035,1.8570470423147134
t2-c033,2,branch_A,synthetic,2.061683946117918,-2.017392800020908
t2-c034,2,branch_B,synthetic,2.0859528989991345,1.698932128402358
t2-c035,2,branch_B,synthetic,1.9376353797405805,2.3806194718116145
t2-c036,2,branch_A,synthetic,1.9843132821944505,-2.1076881940113408
t2-c037,2,branch_A,synthetic,2.0062057935480193,-2.2068492372058586
t2-c038,2,branch_B,synthetic,2.1065553094824447,1.6252512044972285
t2-c039,2,branch_A,synthetic,1.9879521601311676,-1.8959141642892914
t2-c040,2,branch_B,synthetic,1.991644234474675,1.7593137363896356
t2-c041,2,branch_A,synthetic,1.9305288642597984,-1.872381672253753
t2-c042,2,branch_B,synthetic,1.9175615639866639,2.1938728117145123
t2-c043,2,branch_B,synthetic,1.8780681309083767,1.8335050709849947
t2-c044,2,branch_B,synthetic,2.00290448178958,1.6243544169666153
t2-c045,2,branch_B,synthetic,2.0521608690821274,1.9944383560071492
t2-c046,2,branch_A,synthetic,1.9171141054728367,-2.4556664689251186
t2-c047,2,branch_A,synthetic,1.8747528502901887,-1.9846898164609015
t2-c048,2,branch_A,synthetic,1.9074535914346773,-2.4094638802197355
t2-c049,2,branch_A,synthetic,1.9815019251606232,-1.3167498425440898
t2-c050,2,branch_B,synthetic,2.0222032288986767,2.2288756500501803
t2-c051,2,branch_A,synthetic,2.017017467701491,-1.765105350167424
t2-c052,2,branch_A,synthetic,1.8925529079628038,-2.1291535910577757
t2-c053,2,branch_B,synthetic,2.020908067648803,1.9946249551835082
t2-c054,2,branch_B,synthetic,1.9846405423910327,1.800237176077119
t2-c055,2,branch_A,synthetic,1.9793293517836636,-2.2322593471673993
t2-c056,2,branch_B,synthetic,1.8062533588112175,1.641647467488324
t2-c057,2,branch_A,synthetic,2.038052235109955,-1.5328766132985117
t2-c058,2,branch_B,synthetic,2.145086413705895,2.0290255231066125
t2-c059,2,branch_B,synthetic,2.0714706898755306,2.272393373213217
t2-c060,2,branch_B,synthetic,1.944619265290554,1.4906180508618188
t2-c061,2,branch_B,synthetic,2.002470985548385,1.4713397008278384
t2-c062,2,branch_B,synthetic,1.9744056309636138,2.1824351260368107
t2-c063,2,branch_A,synthetic,1.8863944409519997,-1.990311384820509
t2-c064,2,branch_B,synthetic,2.0992014492247253,2.1084537422062892
t2-c065,2,branch_B,synthetic,2.0417857360599743,2.2720221241450234
t2-c066,2,branch_A,synthetic,2.138637045770494,-1.954573075483044
t2-c067,2,branch_A,synthetic,2.09836006891465,-2.0192507649012272
t2-c068,2,branch_A,synthetic,1.9563064947653213,-1.9055537091147305
t2-c069,2,branch_B,synthetic,1.9515349721606663,1.8280612352700303
t2-c070,2,branch_B,synthetic,1.9513807495646203,1.31137274134005
t2-c071,2,branch_B,synthetic,2.008439958212848,1.6208493924213596
t2-c072,2,branch_B,synthetic,1.9914184703465379,2.434990634145448
t2-c073,2,branch_B,synthetic,1.9583199741514168,1.837397252465757
t2-c074,2,branch_B,synthetic,2.1091127507601435,2.1638917296392894
t2-c075,2,branch_B,synthetic,2.0781221677882113,1.893412629803902
t2-c076,2,branch_B,synthetic,2.059846657029674,1.7941494232529593
t2-c077,2,branch_A,synthetic,1.945919861950248,-1.8211267165384801
t2-c078,2,branch_B,synthetic,1.9521301462981822,2.230135562973186
t2-c079,2,branch_A,synthetic,2.191334762834344,-2.5058457610841858
